{"type": "block", "layer": 0, "block": 0, "features": [{"geom": {"lines": [[-89.7601003148011, -66.18790564668598, 30.743669509887695, -84.92877223965479, -61.70808468712494, 31.012495040893555, -88.27226873923792, -56.991384140535956, 30.9631404876709, -84.1039796412806, -53.63031228532782, 31.4519100189209, -80.7615698929294, -57.9831636097515, 31.18123435974121, -76.01262073742691, -54.61134365742328, 30.97553825378418, -75.1284124951926, -55.907681488926755, 30.825029373168945, -68.8085500979796, -50.81330102717038, 30.368410110473633, -64.15420523117064, -56.083126425684895, 29.929960250854492, -70.5680025392212, -61.85788395861164, 30.538606643676758, -69.43101909919642, -63.092187767411815, 30.340620040893555, -83.03080576559296, -74.51483475760324, 30.70478057861328, -89.7601003148011, -66.18790564668598, 30.743669509887695]]}, "mtl": 0}], "featureCount": 1, "startIndex": 0}