{"type": "block", "layer": 0, "block": 0, "features": [{"geom": {"lines": [[-90.42001614230685, -62.22841068173875, 34.743669509887695, -85.58868806716055, -57.74858972217771, 35.012495040893555, -88.93218456674367, -53.03188917558873, 34.9631404876709, -84.76389546878636, -49.67081732038059, 35.4519100189209, -81.42148572043516, -54.023668644804275, 35.18123435974121, -76.67253656493267, -50.65184869247605, 34.97553825378418, -75.78832832269836, -51.94818652397953, 34.825029373168945, -69.46846592548536, -46.85380606222316, 34.36841011047363, -64.81412105867639, -52.12363146073767, 33.92996025085449, -71.22791836672695, -57.89838899366441, 34.53860664367676, -70.09093492670218, -59.13269280246459, 34.340620040893555, -83.69072159309871, -70.55533979265601, 34.70478057861328, -90.42001614230685, -62.22841068173875, 34.743669509887695]]}, "mtl": 0}], "featureCount": 1, "startIndex": 0}